female,ms,emily,palmer,emily.palmer@example.com,goldengorilla669,xtreme,rR0BTR6M,da90cd480ec16ea5a2af06817699c98a,ab9a455454730b2635d1fbcb30d88d567a7f40e1,5752382d3fa47ce6bccb8faf824794053215043cbadedb72501b448cefcfe5a0,1085677165,237077954,(665)-750-1043,(147)-371-1725,US
female,ms,mattie,little,mattie.little@example.com,smallkoala902,calling,TJiWraCD,1e25e96350ad861d055c229a66f436ee,cd187868fabdf7d0268c18b369512e8053f59160,0f5dc1bbcb71b623075a05122b91358a4488c581af6b0cd5e7d58de480525962,1176879148,873009586,(836)-727-2595,(967)-557-3049,US
female,ms,savannah,kelly,savannah.kelly@example.com,heavydog946,sheba,nD62kXiD,b8fc107bd9e4e4e8c8a13d5375d35e3b,2d6638f4ce7ad37663183d41e552dee608ef2d21,dedee30e4dd3741357862c76f8d5e39e82caa2c12903607a931d8030cc8487e4,1370278111,828055644,(888)-643-0158,(127)-072-4359,US
female,miss,georgia,ortiz,georgia.ortiz@example.com,goldenladybug404,pass,n6N1yIks,f2549a4e47fa8d722cac50a9c007614c,6d9e1fbbba001e9ac46bb973b5699de063671c3d,1442f71444469edcc0dee104e534a9546b8734401538584882f88e4b1ce07aed,1234842190,1290155567,(098)-857-6065,(382)-379-5565,US
female,mrs,miriam,hanson,miriam.hanson@example.com,smallrabbit277,passwort,oaQIzhRW,00a20bb5d01f2b6cf08ec553fdfdc14f,b7159939aca632517066b2b49f74d79622206251,fd855da9f60c3d97a0eb9d5d44dbefaaafd7c3a0241d75a960a5f316aac390e1,1424845581,560277663,(050)-838-8471,(073)-016-8902,US
female,ms,shelly,murphy,shelly.murphy@example.com,orangemouse646,444444,k0S87Azh,71a0a360df28afa65b7cf38882f94fbd,8f14b53d510f7a45d259a0636186fa061c8acfe1,889c8cc664d8b23d61ad87fafde186ed5ddbd0e71fef4d6f6fd7daf143c1e792,973669634,360811735,(973)-395-0948,(981)-925-3972,US
female,miss,peggy,hanson,peggy.hanson@example.com,ticklishbird185,sundevil,lT44S7Bi,7163ac6a10364d29c2878f50ade711b2,febaa35005d02292e5bb199fac8d0021bc6cf43d,eff0b06b6c0238bde9583a82c972ca85e3a28a607167b5c43cda996f880a317d,1225076349,707240092,(277)-639-1229,(513)-605-2145,US
female,mrs,melissa,mcdonalid,melissa.mcdonalid@example.com,bluefrog519,loverboy,k8vPqpc6,50d1d6a44b5d1a049ded3f219574e2bb,d78be3bd2059cef58cf9b2f0ff7a4e92a4ac7ca7,09757da285e0430db1645f6edd42638255b187cde8abffd0470f0abbd8db004b,1355081465,1073755843,(618)-916-6416,(775)-599-3424,US
male,mr,leo,lewis,leo.lewis@example.com,goldenelephant203,honey,fiX6Ju7z,9b50bba98c2fbd895f12a0f3fa2ed72f,bab4a55dad03e792b5cb65879fabe96996bf140d,d73fd1dc27f1dfd8c3e65c73d9af5b5c529ce9e36a2140e203e1388c7f29aef2,931883187,67547430,(255)-583-6265,(735)-702-6044,US
female,ms,jo,barrett,jo.barrett@example.com,bluebird817,emmett,Bj3nmutL,f3997950d5b86479ef1bff16cb83ee88,33c05ee64ff768c4be166a97f52ee36d050b01eb,137440ae5f7b4009aba84cd99608ad54a6eea67bd560873840c96725a32d608a,1097959419,1413797678,(538)-632-5801,(323)-313-5011,US
male,mr,lewis,castillo,lewis.castillo@example.com,heavypeacock980,bollox,Sxlf34hq,b9377de6ec117af0b47c81ecc39b7092,3b2a5fac186c2eecb92769ceba69e64da2d9b45e,91aa564a9e2f988baac15a338a72464e35e6b1575fdac11b02125f76818978f6,1029276412,175558629,(156)-305-1299,(152)-419-3299,US
female,miss,andrea,george,andrea.george@example.com,blackladybug147,thongs,PTN3X1iN,e7e3b82d8f8078a44473c269b012e377,c9e58573fcef90fcf9525fbb43d4af8657a49d7d,5d2fb2d2c5f642c5905c1c8b14a3dc4e8c9d056f149a76db23e0355c496f82e5,1156442489,814993329,(044)-800-6367,(222)-078-9180,US
female,miss,edith,stone,edith.stone@example.com,brownwolf303,salvador,WV495Vqa,3a9412190e9573835893ee0e36126be8,29bc2c7926abfb0451d148c68970dfec57dd5e99,91c6d2e346d2e8aa913f8de15e23e0c26cff1c098999fd492c49566b3f0b782b,1184214315,369405859,(907)-484-3783,(504)-834-7325,US
male,mr,kurt,barrett,kurt.barrett@example.com,ticklishkoala593,cook,9RCERv96,758a858d63ff7720271958cd7916d1ee,335520c66702b8a88bd146361d6e1c6440149c26,4c94d94917ba060d6f6fa96e995dce33939ab2d54786c5970f93a4c2a8817f9e,1210924232,1183723275,(575)-671-1526,(963)-919-0050,US
male,mr,cameron,brown,cameron.brown@example.com,yellowkoala716,hubert,OGsjNYeW,c7198e923bf3c8a2f680dfc554086f25,cb059d4c9eaf25da854f0b310d941d12b75e9935,6d5412815d192cb16475ad2f38db9bcc818eaad121bd33d8a1f9f63d7d1c8f79,943488010,1340904610,(838)-812-8647,(296)-882-0491,US
female,mrs,josephine,myers,josephine.myers@example.com,purplecat100,2424,0Qg6XCLd,3536cc80eceb353f7c61d36348f2d71d,ebb3eb12884304a9ca8545e09b8e84a4a174da86,32824b928703deaddb4c4eefa2d28058a1699b0ebc9af5a3fed3ddc229274296,956643858,429888325,(613)-120-9018,(731)-770-8366,US
male,mr,cecil,barnes,cecil.barnes@example.com,organicwolf897,digital1,KhRT8CGm,09f04ec3d477d9777f6819ff93a4e031,2d27ddee2f15ffdf65788daa92cb90089a3e6463,ce9a6c637a4ac15db1e76ffe120e15d5c58402ddd1cd65ebed502bb0f505208c,1271431252,252414732,(573)-619-9856,(716)-213-8707,US
female,mrs,april,vasquez,april.vasquez@example.com,greenostrich681,mario,RTK76YSc,635c148d59a385cdcac40d0b298b25e9,3f3de242bf6871a86ed8c057c1ae35cf66fbca6f,a0c3030170cebb56480cd5adba601eea54fed850c0c9ce1bc0f6cd27844ecd0b,983015431,544224582,(187)-399-4121,(058)-851-6147,US
female,ms,delores,coleman,delores.coleman@example.com,goldenladybug404,klaus,GNIiGopl,078d27f3e3b8bf13be5eab91095bdba4,603c8932bcc4deec5365eb4aa17d429b2059f0ca,c10e1fa64a134a3ef1a5c528834991231ea68e7fbc3cc77c32cd8e657b9a364d,1321108513,529636443,(533)-749-6719,(375)-358-6664,US
female,miss,willie,green,willie.green@example.com,biggorilla870,valkyrie,pmeEla4Y,8661cf9b30acd515daf834aeadebcabc,1e126f8bc6ed92158656798202ae685e36e44445,0c86d64e705e9d97411c349e79b8df024078c19162d97c886675d74be5b4b905,1066678116,203367076,(409)-611-8993,(737)-967-2615,US
male,mr,perry,kennedy,perry.kennedy@example.com,purplelion558,mmmm,645cLzWt,4c116063deee30834f50a408da9dc02d,3bdb4421de99a5247c53db7b82bde94f940a188b,6b0741f4f87c4f0d8b65636a930308b4993442fbdaed27b57279a05b1d82b84e,996385931,916562512,(688)-455-5346,(228)-665-3526,US
male,mr,tristan,fleming,tristan.fleming@example.com,heavygoose786,otto,9dOX7Gks,8b545fac27d9700b1cb78453b457b475,3c6d56915ce0e95fa80f14c972d2a971403529eb,f8fdd9942d4885105815f15ad6ff1c9cd3544780d01a122e00fd714eeeae7937,1081731059,273266674,(855)-984-8343,(534)-893-0082,US
male,mr,dustin,chavez,dustin.chavez@example.com,tinyfrog870,smokes,1syShGBO,a8ae62bccb025d4fd17c1ecfa6189d58,dec4c66652a37c12a1499d207c438bd375e62d17,cb93bf8ad993ad99406f149d5d79a5663803e035d6e3e32302abd67f29285bc1,1077383900,197838462,(907)-705-3189,(864)-187-1539,US
female,mrs,deann,lucas,deann.lucas@example.com,bigpanda190,paranoid,fqVJm2La,86208f519cd46ff7ed86fbcd3699e42d,6266214f4ebb5c34f765918cc18ebc867536b0dc,3299cd6b81582b57affdf46874b61e45ec49f307714927d0b8384ec08ee02aa9,1358616849,1157922526,(266)-306-4360,(632)-562-3823,US
female,miss,maxine,williamson,maxine.williamson@example.com,brownbird160,hitler,x3SThMJX,586ec3a2efbc334578434a85201e58b7,b2c599b218152393086c0d0a71ac8789c764fbd8,186ee4c609830e67f36d44ca0c704cfb325b7f5da8786f3205b3801377dd9167,1006288570,432959221,(472)-398-2838,(418)-803-9668,US
female,miss,stella,steward,stella.steward@example.com,blackbutterfly787,marriage,OTWxegMm,6e1dba3956b2975b7609876bc2be9177,0499df40e202ebb69f2cc02b10c554b13d7e4055,d14915d760c2fcc1649ddd83ddcc11504c8abbb8ec2b90e6067b5c8173305ce4,1175035969,701085005,(103)-427-4362,(237)-372-2939,US
female,mrs,erika,ferguson,erika.ferguson@example.com,silverfish477,woofwoof,5hsjJiPR,232b3f86f01a1b6277070ab53baf79f6,52d38878731e728a7bfbd551349ba70c47e07fc1,c9f1319ecb7a0b3a7fc310cbe16d0fbcf31f3d63dfac24a2926966f8b4934cf5,1251355777,319997414,(122)-932-2751,(927)-280-0740,US
male,mr,carter,carpenter,carter.carpenter@example.com,heavypanda692,puppies,cHdPZ4a9,45d64987f28003bc44184da02b0ab1ef,8317be97a178686d74cb0852f3d69d447065cb18,0c9a00080e58d086a2af7f1500a589cb5f5b25aa2435744df36fd3afa7c44264,1175182503,1021514227,(657)-254-5828,(273)-653-3292,US
female,mrs,michelle,moreno,michelle.moreno@example.com,blackelephant148,shirley,Oh9JmTQV,81c47436aaa1835f7832e3fc67463f0d,47f6fb9110734d6c49c22881b11dbba28830e67a,52f7d44ad21e045021d251c190006796def31a19b51b68c3adda7d1da7823c49,1398517045,388921294,(047)-135-3553,(930)-417-2305,US
male,mr,ramon,graves,ramon.graves@example.com,bluemouse335,sport,LcPicOrn,76cab0c0adea9b28a360e737ac9fc3a3,ad05e22ed5c861a9a6bcb312e2e019e5f1055ac8,51ad670549961de70bdeab066b7584a894d3947bb3c475ffcfe5c0aec26c5980,1339074143,863982902,(032)-358-3987,(406)-285-8308,US
female,mrs,juanita,harrison,juanita.harrison@example.com,bigbutterfly674,jiggaman,VR1N4dJm,736bbf700c96b15459547b384b1dd50f,04efe66d01f953afe64711a88be8ff0e23ea2351,33e8bfc6301010731b61e4f1e2054f8b1811916f1c62e1e694360fa91d15b3b5,1367832549,1417010461,(629)-242-7119,(675)-454-3741,US
female,ms,candice,watts,candice.watts@example.com,lazymeercat764,april,SAGHzTXR,2f800d4dcb5770dd7695db9beec60f8a,6dd4a7e86cb26458a7b44ab8ab8799b60aae5928,16926efbca2b2bdf95001f920b7bca8c24c8c56e6bf5de4eafbc07af99c531ec,973338385,533382205,(892)-346-8018,(686)-905-4615,US
male,mr,bryan,andrews,bryan.andrews@example.com,lazykoala570,thunderb,IUgRPe6J,ca0fe9411852461600e4ff7c6fd5abf1,bf55a69ea5021c8030fad4dd63ee6d282ddedac4,55c2a0b366148795d2965719b2c68bcec5649e3e04c08b1ab2ae0cd983d03ca3,1290102121,717371789,(044)-369-7909,(123)-692-0036,US
female,miss,melinda,edwards,melinda.edwards@example.com,bluelion847,tommy1,SnCUsfNq,fa6babdc32f56588620a5c067b9cdb73,641a54ee1cbcb916013887c2d4a29283239b9395,5a7a24be66dbc0210c0463838d15529f9a7a078a54092db54beaa870d6302157,988129526,576733287,(752)-758-7240,(623)-255-6088,US
male,mr,walter,howard,walter.howard@example.com,greenelephant552,frogs,vxJ14PNG,3245be2cc1557885d2b2a3a50c0908da,512e0e71f8ba4932a2e8b32e5614b6c9c83a07ad,47be8f89015a6a4cc61ce0842dd74ee4545ebc4cc2d8b9f55ccfcb10a246a9cc,1350691497,1287669676,(645)-280-0507,(442)-190-3259,US
female,ms,joy,larson,joy.larson@example.com,purpleostrich153,scream,qflV7Ci1,6cdeb6fa0c011d1710207ca3e5b204e3,337bfc28db11c2749c7c064c240a1d780699a832,8ad5942c671371013c41041703232b6e1254e9f2e6a25e9d175343d911b3339b,976341449,882263391,(375)-207-1391,(455)-353-9045,US
female,miss,frances,holmes,frances.holmes@example.com,orangebird349,1qwerty,trUOEDBL,1190b406bf4d21ba7efdf65a24febdc0,0b9490ad6c59833d23e39202c5aaffdf61c40c5b,d2988c68cf8313e29d59bd3121c4ac9bc065d173355ef7674f7b6491678f50d5,1066377778,359673566,(466)-856-7798,(961)-079-6551,US
female,mrs,willie,adams,willie.adams@example.com,beautifulmeercat109,desert,ptupY5G4,ffd87578155a72d8bbee1677fbf2db69,81c7ca94b1a53efad70e2d94e8539fcdb167e486,ba141a0ebe355980a4f7308f3bf0783e4baae69169deba5912492bad88032e46,1053365981,647029644,(275)-876-6362,(439)-176-6380,US
female,ms,nellie,wright,nellie.wright@example.com,silverelephant322,rico,IZdCbsiv,1cd63aa34eaec6157ead37fb46fa2a22,6a5a8d65678f97f59a7ed1adbb69f872f4d878f9,163c6ed942ad04e876e6b704e725bda74a82357e998761a4017f42424018b734,1390973383,277618437,(803)-579-9958,(734)-909-0035,US
male,mr,douglas,hansen,douglas.hansen@example.com,bigleopard783,dylan,IF0xAkKo,dbf6701920bd64cb29936d2d476c9cde,8bd2abc969698a5d93abaa44f309358035905c2b,7b323a09b80e70ed74c3255323aff2076e69b3d011eca502ad642463b81016c6,1056341469,79634660,(485)-663-8902,(045)-994-4991,US
female,ms,zoe,richardson,zoe.richardson@example.com,ticklishtiger907,jimmy,I26XTvuI,fa4f0fc9c574833c21513a5a7637a1fa,bc1dc0df7bc8efad1f3a25649ccf79b5443575fd,b69c534aa557bdb7e70f1ca4fce0169a3f8ec916dc1e767a17f22fef7dcd1dc8,1321034674,138361129,(757)-406-6268,(753)-791-6932,US
female,ms,kylie,tucker,kylie.tucker@example.com,yellowmeercat622,smithers,AAcWm0RA,33f83ec655d341253081aa8d1c861241,cb6289912cfc08ed0fafff0a63633d56f950ea0f,c64b94f4d9efa5ea10ae27ad517c7559192cf21dd863d9f5fc886c89f1c9745f,1080545709,317549418,(970)-662-4925,(676)-638-2255,US
female,ms,ashley,castillo,ashley.castillo@example.com,purplesnake591,eskimo,rWTLgV65,9f00d0ff3d5d668b2613c1d9c73df1a4,a4f2bbfcf7085b804305851bdeacd62050d8f382,9719d69bd81ee0adc2f61fba422bdc0e52164a7f716d9733bcdafd39466778cc,1359548846,1047490680,(141)-889-6081,(228)-181-2126,US
male,mr,armando,hudson,armando.hudson@example.com,heavywolf700,pretty,lPQn2bMT,3c4eecb0900fca3f2de477e562212c50,686729374a6612f8044c13bed50600678130922c,2336ee91ceeb72629477ce091e0424fe9046adaf7dbd21c0410c90d9b0380997,1061547800,373622055,(884)-683-7974,(696)-280-2655,US
female,miss,kathy,gutierrez,kathy.gutierrez@example.com,tinypeacock670,chaos,zLAyX6YF,d7358b583bacc087a56bde69127fb16a,79eb4eb48aa265823c6f39bddc0292f264ecc87f,e93ccd00321dd0b8799aa0269723cb95a31cecb2b1ccf0ba93d957e8103de500,1257742867,382937652,(708)-761-0612,(264)-498-4937,US
female,ms,loretta,harvey,loretta.harvey@example.com,lazyostrich335,tools,s69zlKml,59c07a82956f727582d58efdddde97f9,80104f12d1ce616f505dd57f81e55a4e2a6fd9ab,11acd54b93b001cc764cb69b305148d1931337b2727f883c9204f6d54c85e077,1086694165,391023204,(738)-693-6375,(338)-890-1833,US
male,mr,jar,olson,jar.olson@example.com,ticklishsnake452,rockies,W329dGBp,bda489d7a17feea4f6255fb79d58bfe1,491c1324e29091b3042719b14b7df263207a8aa3,9fe6764cdc73e23358c11fba7bc23d39f904d75587ab95246ca95b649de984b1,1425930510,1130744623,(877)-374-6251,(346)-946-6472,US
female,ms,stacey,lambert,stacey.lambert@example.com,whitefish420,tiny,8Btx92QX,3b2a11c42e12ae5b1b2e43859df5a792,3016763140e8eb303301e65d3a716a181c3e9252,a5c1f85048ae4f3e7bece9fb3eb5c72a199a8dd1f523cd652fca2d10481a3b18,1431799093,1307638748,(612)-908-7855,(317)-808-8645,US
female,miss,lois,rogers,lois.rogers@example.com,whiteostrich330,butkus,al82zvjo,31a0509de3cff8c7e18bf3db5b28fcbd,5d4431df14f685e52941808850c0fa30022063d5,6cdbe17bea20e616f67391b51d129aed60b807806c8bf288631d8dc096f3717d,1279961668,110288999,(074)-953-8912,(531)-900-6022,US
male,mr,eric,king,eric.king@example.com,bluebutterfly399,ppppppp,vIk14kWx,f86da781d5e90fa2c4584d35de3c877d,462bb9b83b9e2b21cbac04de09f7eae622f178d2,28e2fdc0137ed3d15764a4beb8543b05ba074419ec56a2329e7f1909b2a8dd39,1237746335,874735678,(815)-206-4028,(756)-885-7283,US
female,miss,jo,fleming,jo.fleming@example.com,lazypanda583,ping,9xlxMiGy,8e49042ba864579e8a86aa3b164d7f54,53076587089eeea9d3a02e7b51bc10c45deb9678,e9743a8e01dd1bbef9ed5b92d371b14771b87507a38a22d36c31e40c591e8d50,1108857338,654155113,(456)-134-7469,(571)-206-1618,US
male,mr,james,harrison,james.harrison@example.com,lazydog201,freckles,V5u5ebeR,3da92e1f01b060c1cd637602c33950a8,8e0c881ff0a031d714a60e64b4e72588e34546a2,70a002a9f469b0a5e249f4512b958297e17ed84abd81eb8fb1a93d63461c67b5,1202329538,223396052,(289)-239-6778,(605)-319-4351,US
female,ms,lena,perry,lena.perry@example.com,whiteostrich987,happy2,AIs4kkmR,9e2fd5356ba3b99cc4bcf8226518a30d,2dca838b97320ebba62967bd991a3e662c49ed66,b6e85a07a32a172bc366804dbbda12932ff1812eaf3389ec33812e82e79e43e5,1072274207,892551181,(764)-557-1891,(577)-884-4144,US
female,ms,april,davidson,april.davidson@example.com,lazycat399,playball,f9HerZZm,bbd4a7ca69305ced80d3a6060de73991,8599454382a14c4f9f0e66684fb1bf88907dc285,6a9100c4b3d16b47a171107561274c20bcc65659242b349c87196b62a1732c02,951341602,1352600262,(964)-422-7819,(818)-771-5661,US
male,mr,guy,allen,guy.allen@example.com,beautifulcat868,upyours,TxrMH0jr,3d88f90cdea2b4cd59bebaf4ead5270c,195173717c6bd02dfb3e1c7771bbbb9cc33eb438,5e2ef72944ea3cdaf5e2efc985bdfdfaec2850f52352b988913c3f2a639c62cc,1006932552,466143802,(367)-141-3176,(666)-210-1523,US
female,miss,brandie,jacobs,brandie.jacobs@example.com,greenpeacock351,fdm7ed,aFO8lCuh,eb90fb7864b3a7f230b3068642426ee8,2f25656e6131f2683ac3636d056b4e7abd02e1ba,08b2aac5c4bc8074584df4668bd2492584afcef16cc970eb61fa65929d6cb845,1175571037,569757189,(126)-402-9522,(857)-111-5325,US
male,mr,adrian,ray,adrian.ray@example.com,blackdog251,edthom,gCUJ3nwS,499d6fabd9a41e5dfe160c0968949cbd,2a5b0aeb32e5cdf81a79ce1c6f7944aeae6588b9,afad08a43303be0c64582093ffaff087c19ed6b1b7bdc11decb4dfbf0a33e350,1159178071,1005251123,(395)-897-5846,(612)-667-1131,US
female,mrs,eleanor,foster,eleanor.foster@example.com,silverfish690,sandy,RytCuaG0,6f4338c0c3b50d42808e2bbc23d04cf2,fbd5addfde77d4e6ab49f29a835fc1769a3ea122,9e8e7bb058afa35230cab4d39a298a32a571735922d4aaa67dbd2327bcb8793b,1357586384,274997255,(364)-178-5571,(118)-447-9879,US
male,mr,kyle,phillips,kyle.phillips@example.com,heavyduck137,icu812,jw4S0hWc,b574bf9cf527ee7dec036a40dbae7b3b,c1829ba9858d69cf117cd589dbfeb9bc009599a4,f77f25b84aa9964bf0adc2cb83e6eaf3ecca3bedd7dee34e8b48da04db591222,1161787582,298663721,(085)-343-7774,(994)-303-4367,US
male,mr,gregory,simmmons,gregory.simmmons@example.com,beautifulladybug931,buckley,eND9EbPf,7e394f971167e514b831b57fc2bf6ac7,743b0d6427250ecd840fdcbe54592552033fbbdf,cbe099fe1f12b68c9d43b736d3c9f6ed7fc976347759521745abe101915f5680,1432602217,1204158947,(669)-962-9047,(456)-359-1968,US
female,miss,melinda,burton,melinda.burton@example.com,organicladybug580,cascade,22ML1NOK,2c5cd22b3bb5c8d919bbdbf5426ecdc8,d84745807b8ea6ea9ce05b3f2ac4f079e5900dcb,d7167e865aebe4021e140e90a805bb0a7b8a9387cd44f5425a40708f8f3eb949,1373847211,1198820976,(896)-427-9918,(810)-648-0251,US
female,miss,lucy,nelson,lucy.nelson@example.com,blackpeacock996,jenny,tAJ4Xcg8,f29e6f396f754f6167559a99785708cf,12e96a53fbf27bf99a6fcfa4986e2b29be538451,3806ace22741d9e382e9af2351d4f5f01b068627421b264f2030488f04e8d28b,969981460,272718944,(327)-722-1841,(607)-061-7740,US
female,miss,maureen,griffin,maureen.griffin@example.com,ticklishmeercat539,glenn,iU3BfQUL,47f1a5f14c865fb1ab431896fc882e73,7556d9ccec31bc5fc56b2183fa903cdfd259b3f0,d63cdcdbe6a8579f307888e12940704f04ba3027ccc87de73cee7f7b047f1866,1399580794,612435245,(167)-262-0567,(823)-327-9054,US
male,mr,sebastian,grant,sebastian.grant@example.com,smallsnake454,skipper,0l4lU5K1,7ff82b7e0fa27f39c43d42db97b45faa,2369401e50fe6344a3b4be1ae5255879823a3de0,37a67ba948d37f1e2582e91913baaa60ced13214154b0c1b5a76a6f361cf3306,1036280599,140224658,(332)-064-8835,(257)-602-3815,US
male,mr,corey,crawford,corey.crawford@example.com,organictiger326,video,8FaJozf0,6baa90ddd20f87325d71c478f4083936,c4bb024eb4fd387f6244a500aefd5a7244da0110,4d391e4bc8fbefc311c7caff1d445fd11d03c35a423a565994a372595b7c1006,1272873388,859921734,(398)-137-9320,(200)-754-0435,US
male,mr,norman,hernandez,norman.hernandez@example.com,beautifulwolf479,chicken1,wkrAsYBO,641e73e031b1a4b0f9b8394dd9582902,17bfc81f998b541c7836d1f5503d0eadd25f1fde,803f044fb51961deda9f04bce1553e12087438505f46608d617c033d3dc08db1,1199919784,977518706,(748)-242-0573,(608)-533-9335,US
male,mr,perry,reyes,perry.reyes@example.com,brownmouse579,gadget,3g28Lnge,fca4366f3cdd987ef5cd5108b451fd06,30ae5bd01bfcf10f4caa393f48e498f7f4b0e486,0fe9167d59a717492bf85e663ff34530830c73337a6de6fa530a388177627dfd,1064375672,1223668638,(924)-888-5828,(813)-427-9318,US
female,mrs,aubrey,coleman,aubrey.coleman@example.com,tinykoala461,lawrence,XlzOBsQ6,f856775d6480cb4424b4815c32f0a427,115bd399122dcf4aca78c5ef2fb458e9da120b80,c2cb1c006de659610e20646d5102cc361b13a0fb01ca937335b5aa411b89be4e,924256916,577875353,(900)-419-9515,(816)-129-9093,US
female,ms,vivan,hunter,vivan.hunter@example.com,beautifulgorilla543,abc12345,iC26YJRk,b72be1f499611b9e7557d39a5eaacac3,61c8952920dfbb2d080bdcbfe3b1ba32aa95f543,2e6e6f597bbba208f68930c96de581e12b4b9cd5f558beef5474b78fe76b5bf8,974551620,1004692170,(785)-751-0841,(552)-710-3645,US
female,miss,kathryn,garcia,kathryn.garcia@example.com,tinycat152,hustler,0yAvnbtn,1a44bac36e421bb83fc3a96f6b48b6b6,ec1e73e28e9c793130cb26ca6eab62fa76f7634c,7df56e2587deb36f7fd75239bc15696f9ec0f0b5d94824c8fa0a503a7fe1d028,942442232,1338130358,(211)-769-6791,(590)-303-3568,US
male,mr,jimmie,diaz,jimmie.diaz@example.com,blackkoala294,colorado,Xlk1hvbK,7977aa96ca2d088c308549cf97e071db,84938fecad45bcab2cd8cee571f78a736b35c0a2,272fa06312aa7110eceb10572317596c2a04374f2dadfd40a2c2faacb3f10101,1211586512,1150766110,(981)-372-3127,(771)-935-4244,US
male,mr,mathew,kelley,mathew.kelley@example.com,yellowbear197,chester,uzXbQPGG,f5d4d678ab7574b45df699efa008cc91,caa56c9b277aefc531a109b67dd8607de3439e9f,d1d5caa8d59b405123e6a4a305d2406dae4b8e0181393e80611324d91da4431b,1240345903,58866023,(311)-061-6180,(828)-278-7914,US
female,miss,hannah,turner,hannah.turner@example.com,lazyfish237,hardcore,EAkmQr6b,f3bfe265faeaffdf7a1b2e254939976d,6f35fd6956467db3513a963752fccefeda52e89f,60f590e4c83b4133a654e0966bb246da41f1c3d24fd4f745b8cfcbbc8aaf5a89,1314520501,237054612,(508)-042-0625,(278)-141-8933,US
female,mrs,melissa,stone,melissa.stone@example.com,organicrabbit923,nina,cjK2tjl3,034f7c9f8ee9a4e10c668788802f74b7,02aeb66d6023759fd34db6bd34d7c35d0d2fe7f0,9b06e521edb62a050defcf8c9b35d13d52a103d4f293dcb722e98c746aeef208,944602335,312539289,(659)-505-8757,(799)-307-9467,US
male,mr,troy,johnson,troy.johnson@example.com,lazyleopard904,dogwood,2q38UQGs,eaed0761bf9f11ce0d35b11a8ca0b38b,b413a2296f14a1cb36fa817381d0f179ee9b8e17,5730feefdbb06331448bd916fc709ca96a623f1e0c38152f7458ea9321084113,938833171,823546177,(088)-193-4600,(035)-456-2512,US
female,ms,stephanie,hughes,stephanie.hughes@example.com,purplecat777,stripper,Y3vfadJb,65bd54a0e39ee1cf39b04675d1c973ec,f1a7aa45d42a4e02171c2256ec40cbb74e4ad2ea,121a546b2b3c64d10af5d48f9566ed422b4cbd45498d8f7e2d6e6287e497e45e,1269484337,934704970,(256)-831-0089,(290)-262-2693,US
female,miss,lisa,mitchell,lisa.mitchell@example.com,bluecat546,lotus,x2NmAyYZ,69e3c71f2289bce09ea15d76bda5095b,707afbefed4fbe08cbba771bd7e43bb038105f4d,db2234447f862942f25d6c6d319c0aaf8797d45d56dc1c2bbe06402e1818c161,1207877136,885424897,(273)-939-2790,(753)-001-1730,US
male,mr,wyatt,bennett,wyatt.bennett@example.com,ticklishbutterfly101,loverboy,rh4oU35Y,a56516ed0c894ed807c7730f456263cb,003fd45b00c4c22424ff9864a7ef485428812d72,4fcd287c9285ae9ba038c651882f84393b5e82042a50ab76e106fe1b1ce38d6a,1327524667,730347270,(997)-272-9082,(213)-114-4837,US
female,mrs,sandra,robertson,sandra.robertson@example.com,crazyladybug596,jasmin,jnqPbbG5,10b15b15c27b323b23c02c49249c12a7,77f9444424ce274b271bf6002b7767f5ac865c29,28025608d043a65184224441ca57199a80e032d2d88758838dd5383503bb9ccc,1158354185,1198765545,(898)-409-2772,(757)-046-4048,US
male,mr,keith,james,keith.james@example.com,ticklishgoose783,chicks,jlSCbCqH,8084091f1a1c7151d862d9d61bebd2d8,63d1c2cb4a9c51787c30c593b9cf6bee8669aa13,411be5b5738f69907bf19dc118f91161de6451beba5e25871ab0859f4e318be4,1072323057,1056876333,(339)-346-9956,(899)-951-5172,US
male,mr,cecil,campbell,cecil.campbell@example.com,beautifulladybug519,abgrtyu,O0qXgKEl,e2b8667a6eb289b6c242dffddab0a117,e2beccb58b74f3cf46c41f59bd6c82fd22f77594,8f27fcc7d781d30bfa39b7237571de6601b1cc4323b670976db2eff464aa8a76,916548046,455273971,(669)-134-7947,(231)-400-6418,US
male,mr,lee,parker,lee.parker@example.com,silverostrich666,monica,sdGaEyil,a118a951d0ede4380194320dc5deccd1,11c672477f88c369a98d577b48659cd2bfba1cdc,ac3a828714137824aa1214fbd3ed0514df39392b7fa7a00de808d3cb948ce0df,1100354346,199274903,(786)-406-4626,(433)-038-3218,US
male,mr,landon,jimenez,landon.jimenez@example.com,ticklishlion896,2525,4Z4AcAzR,155a9e7f1b9deff74d6ca0828971ca0c,a452cca3d42c3603391218026c74e441ddbd543e,5e5e6be78f0f0420abe02bc85d4da05a658ab37c5ace95e86610948433cd7860,1400018843,633125821,(832)-947-1166,(421)-516-9389,US
male,mr,thomas,shelton,thomas.shelton@example.com,browngoose937,bukkake,gb217caP,69bcacc318a062e1bcbf194cbdb5839b,584a0de90037385653ef133bfafd6662b1df1f42,8036512699c34033ed1476b50a1d0324753ef993099ae46b92b02b5cd94e17e9,1111209278,207331284,(522)-216-1983,(354)-785-4321,US
female,miss,vivan,castillo,vivan.castillo@example.com,heavyfish606,ipswich,hv63QLtf,f040596c716b601414ef2bd0b780b0a0,69bb8101c3eecb27cbbcb35dab63e0fbbf15a4b7,669c76ef94de051124b7a6454771bc89b42d03194435026379d9345d8d6a9209,942285825,743279745,(443)-150-9171,(898)-479-2076,US
male,mr,derek,lewis,derek.lewis@example.com,crazyfrog496,helium,3TFnDOjq,993b346c8d29dbf15d5066115b98608c,29f8e918c3ef5706e11f1ec6f4347db9316129a9,16765ac68b2fd61404fc4e0e5b62eba787f00ab51a83a0844e08a39f18237d30,1139273662,121939621,(414)-654-9123,(851)-141-0892,US
female,mrs,gwendolyn,moore,gwendolyn.moore@example.com,blackduck666,away,0gyQHfBm,eed089c4a99a540f1c1502cab2315fd1,4288671b50b730e11f040d1950ceb71d09b4aa46,c1474ec537ee4bbe2825a2cf3966f637f391007aa494ae6fe373389ea15b2e13,1199449736,896195400,(183)-558-5779,(917)-326-1116,US
male,mr,eugene,edwards,eugene.edwards@example.com,heavymouse253,yumyum,GPFHxSoQ,a6a256267decfb7674d2aa50c9a9c860,61cc9822c52b444e406a6786869de902ab0bfc4d,3fc0689301cab504de130ad09b3f900a9a54718ffa2e9b74cefecbe0abc2780b,1096905847,143531013,(992)-867-3701,(615)-783-4830,US
female,ms,wendy,kelley,wendy.kelley@example.com,beautifulfish623,camero1,HRmd80gi,16212621db6ac9514e7c9b46543ff8f4,042c467d30ec8c37e1e6a20253c50314144e79f9,3cdafcea9e50c6edd2eb11900a05efc70d25eb784309125e3fa0f0d18955f318,1211820627,1321389561,(968)-452-7888,(765)-482-0743,US
female,ms,savannah,snyder,savannah.snyder@example.com,bluemeercat189,razor,lUhUeemd,6f259c9d279d4af949ab5db0c7d2bcf5,4c7a7168df4ec41ab9fca85c2f904f77c1f59753,10d46e6056a06892021abf234b6afaee26626451785899420fab11056e3e4c4c,989448533,468646522,(800)-662-8692,(913)-594-0688,US
male,mr,kenneth,richards,kenneth.richards@example.com,crazyswan338,modelsne,HKg4H8lA,98f7764ca042fbaf5b06619df86f29b2,9f85dc7d0e337002bbc9b1cbb95748a153637819,26f02a44aaf9bdd063defb8c681419f5f857a178fea03da3702b397146ebfc40,1308674460,1235400052,(678)-569-9567,(522)-878-5979,US
male,mr,derrick,edwards,derrick.edwards@example.com,redbird893,colton,W2N9RiWO,31990260c3ebf7d1efe4f001da7f332c,cc951b481860908df99e91dc4b7005dd2370c4b3,b5e1c3c7370aef03a93a740a55b28a2f13db4d0a6bede93a4ef48db0b5764fee,1109314755,1156502319,(367)-913-1825,(347)-473-6159,US
male,mr,oscar,jenkins,oscar.jenkins@example.com,goldenduck575,poppop,I2lbphaT,8cbe3acd974f504946a99d1aa591ca51,aaa8d2d23b33719d69901c516485354498d80c93,8496eb4d7c8ea85239d7a0b9c57005f6209c971877fc7c033ca0f00c05a7da16,1335042000,940290210,(384)-442-3377,(763)-141-2831,US
male,mr,jim,fowler,jim.fowler@example.com,bigmouse310,angie,S65Dzo1h,a6033c050f8338199abe01328b0a9b93,bd6feae0d0978ad3cb31e4330293456779cb2728,476b5af2974851a45c76f79606af9fcfc562d7b49c6293a65935d27912191593,1315783294,1133086932,(436)-884-9526,(655)-013-0341,US
female,ms,andrea,warren,andrea.warren@example.com,silverleopard714,warthog,FqzsFPWd,19062cc378c84c7cf5f1dd19d96e4e36,c78728b4d6fbc000a8752aa09151bbf9ca98c07c,8331d0262213adb77d58a68938f000ed8bf4cade2d80bd55fcb8284bb27d1359,1316680827,1365026593,(546)-951-8607,(858)-272-8732,US
male,mr,bobby,rogers,bobby.rogers@example.com,organicostrich704,payton,dfhsexUY,b9217cac96b189b68930e869e7a4c59a,512afe2c15c2f298e88ab47b70862c31143e4732,800488c5dab1c9dcbad7c67403adfb1d100607142f5fcc11a36b00d99805fbe8,1321973291,535483530,(785)-378-2710,(273)-182-0028,US
female,mrs,riley,kuhn,riley.kuhn@example.com,whitekoala695,gillian,ygpz5n8h,05862e20ffb296950170ea4f13f591b6,bda9df9b91d92fffbb9c58b8b12452f9d2a9d30f,45cdbb151f6628ce09a806ebc90d9cd4f66a1008584701ad3069decfc9c8deda,1231241476,497047218,(167)-380-2279,(314)-338-9137,US
female,miss,irene,mitchelle,irene.mitchelle@example.com,brownlion699,looking,DhO4YzPA,619ca2038e2672db9fb22e5cd43cac2a,32e80b527f7e850dc2f0bb16ba081b70c3cdd60a,d35d71742fed9202621e16dba269bf986c2a6a0083494be022a2747761a47a9a,1393911144,253363268,(594)-608-7074,(123)-046-2089,US
female,mrs,patsy,armstrong,patsy.armstrong@example.com,ticklishswan423,partner,0iVSdB83,cb764eb12d21ff5fa5d053be09372096,f8b1767383cf74039c6b2f2d1eb88e32bee3cb18,27591ea5ad9e0b5ea1b23b3e41a9cde69c643eeb92805d3f12e9a97e9b0191fe,1167891373,979963850,(341)-650-5866,(965)-177-7264,US
female,ms,meghan,gregory,meghan.gregory@example.com,blueswan787,sang,N0w9lpgV,de033a8ca92b2103b6d52ac85337096c,d7ba13ecf9083f4bc7b9fb06c9fdb7a88a236cd5,48d509f57584dfe72caff1c13a667d07c61c06fd264549f6368f6fe55d6bed28,1052641467,40807376,(187)-375-5864,(558)-282-2747,US
